{
    "rmse": 0.6892142988471582,
    "mae": 0.5253323068540848,
    "r2": 0.2400954251553672
}