{
    "rmse": 0.6593971189853389,
    "mae": 0.5181245715683354,
    "r2": 0.3364231852250934
}